<?xml version="1.0" encoding="UTF-8"?>
<!DOCTYPE suite SYSTEM "https://testng.org/testng-1.0.dtd">

<suite name="Suite">
  <test  name="firefoxTest">
<parameter name="browser1" value="firefox"></parameter>
    <classes>
      <class name="learning_Testng.Crossbowser12"/>
    </classes>
  </test> <!-- Test -->
 <test  name="chromeTest">
<parameter name="browser1" value="chrome"></parameter>
    <classes>
      <class name="learning_Testng.Crossbowser12"/>
    </classes>
  </test> <!-- Test -->
</suite> <!-- Suite -->
